{
  "hash": "c779d25c",
  "configHash": "124d3152",
  "lockfileHash": "e3b0c442",
  "browserHash": "e78e0de8",
  "optimized": {
    "react": {
      "src": "../../node_modules/react/index.js",
      "file": "react.js",
      "fileHash": "efcbcf5c",
      "needsInterop": true
    },
    "react-dom/client": {
      "src": "../../node_modules/react-dom/client.js",
      "file": "react-dom_client.js",
      "fileHash": "c44472d1",
      "needsInterop": true
    },
    "react-hot-toast": {
      "src": "../../node_modules/react-hot-toast/dist/index.mjs",
      "file": "react-hot-toast.js",
      "fileHash": "4e3be006",
      "needsInterop": false
    },
    "react-router-dom": {
      "src": "../../node_modules/react-router-dom/dist/index.js",
      "file": "react-router-dom.js",
      "fileHash": "b06d2284",
      "needsInterop": false
    }
  },
  "chunks": {
    "chunk-OYP6L5KJ": {
      "file": "chunk-OYP6L5KJ.js"
    },
    "chunk-ATZAHYIB": {
      "file": "chunk-ATZAHYIB.js"
    }
  }
}